<?xml version="1.0" encoding="UTF-8"?>
<configuration>

    <statusListener class="ch.qos.logback.core.status.NopStatusListener"/>

    <appender name="CONSOLE" class="ch.qos.logback.core.ConsoleAppender">
        <encoder>
            <pattern>%d{HH:mm:ss.SSS} [%-5level] %logger{15} - %msg%n%rEx</pattern>
            <immediateFlush>false</immediateFlush>
        </encoder>
    </appender>

    <appender name="GATLING_DSE_LOG" class="ch.qos.logback.core.FileAppender">
        <file>./logs/gatling-dse.log</file>
        <append>false</append>
        <encoder>
            <pattern>%d{HH:mm:ss.SSS} [%-5level] %logger{15} - %msg%n%rEx</pattern>
            <immediateFlush>false</immediateFlush>
        </encoder>
    </appender>

    <logger name="com.datastax.gatling.plugin" level="${log.plugin:-WARN}" additivity="false">
        <appender-ref ref="GATLING_DSE_LOG"/>
    </logger>

    <logger name="com.datastax.gatling.stress" level="${log.stress:-DEBUG}" additivity="false">
        <appender-ref ref="CONSOLE"/>
        <appender-ref ref="GATLING_DSE_LOG"/>
    </logger>

    <!-- Enable Datastax Driver events-->
    <logger name="com.datastax.driver" level="${log.datastax-driver:-WARN}" additivity="false">
        <appender-ref ref="GATLING_DSE_LOG"/>
        <appender-ref ref="CONSOLE"/>
    </logger>

    <!-- set to DEBUG to show failed http and TRACE to show both request and response -->
    <logger name="io.gatling.http" level="${log.http:-WARN" additivity="false">
        <appender-ref ref="GATLING_DSE_LOG"/>
    </logger>

    <root level="${log.root:-WARN}">
        <appender-ref ref="CONSOLE"/>
    </root>

</configuration>